{"metadata":{"kernel_spec":{"name":"SQL","language":"sql","display_name":"SQL"},"language_info":{"name":"sql","version":""}},"nbformat":4,"nbformat_minor":2,"cells":[{"cell_type":"markdown","source":["# [dbo].[agendamentos_filas]"],"metadata":{"urn":"Server[@Name='Jeferson']/Database[@Name='AgilClinica']/Table[@Name='agendamentos_filas' and @Schema='dbo']","object_type":"Table"}},{"outputs":[],"execution_count":0,"cell_type":"code","source":["USE [AgilClinica]\r\n","GO\r\n"],"metadata":{"urn":"Server[@Name='Jeferson']/Database[@Name='AgilClinica']/Table[@Name='agendamentos_filas' and @Schema='dbo']","object_type":"Table"}},{"outputs":[],"execution_count":0,"cell_type":"code","source":["/****** Objeto:  Table [dbo].[agendamentos_filas]    Data do Script: 23/05/2026 16:57:18 ******/\r\nSET ANSI_NULLS ON\r\n","GO\r\n","SET QUOTED_IDENTIFIER ON\r\n","GO\r\n","CREATE TABLE [dbo].[agendamentos_filas](\r\n\t[id_agendamento] [int] IDENTITY(1,1) NOT NULL,\r\n\t[id_paciente] [int] NOT NULL,\r\n\t[data_hora_chegada] [datetime] NOT NULL,\r\n\t[classificacao_risco] [varchar](20) NOT NULL,\r\n\t[status_atendimento] [varchar](20) NOT NULL,\r\nPRIMARY KEY CLUSTERED \r\n(\r\n\t[id_agendamento] ASC\r\n)WITH (PAD_INDEX = OFF, STATISTICS_NORECOMPUTE = OFF, IGNORE_DUP_KEY = OFF, ALLOW_ROW_LOCKS = ON, ALLOW_PAGE_LOCKS = ON, OPTIMIZE_FOR_SEQUENTIAL_KEY = OFF) ON [PRIMARY]\r\n) ON [PRIMARY]\r\nGO\r\n"],"metadata":{"urn":"Server[@Name='Jeferson']/Database[@Name='AgilClinica']/Table[@Name='agendamentos_filas' and @Schema='dbo']","object_type":"Table"}},{"cell_type":"markdown","source":["# [dbo].[historico_senhas]"],"metadata":{"urn":"Server[@Name='Jeferson']/Database[@Name='AgilClinica']/Table[@Name='historico_senhas' and @Schema='dbo']","object_type":"Table"}},{"outputs":[],"execution_count":0,"cell_type":"code","source":["/****** Objeto:  Table [dbo].[historico_senhas]    Data do Script: 23/05/2026 16:57:18 ******/\r\nSET ANSI_NULLS ON\r\n","GO\r\n","SET QUOTED_IDENTIFIER ON\r\n","GO\r\n","CREATE TABLE [dbo].[historico_senhas](\r\n\t[id_historico] [int] IDENTITY(1,1) NOT NULL,\r\n\t[id_usuario] [int] NOT NULL,\r\n\t[senha_hash] [varchar](255) NOT NULL,\r\n\t[data_criacao] [datetime] NOT NULL,\r\nPRIMARY KEY CLUSTERED \r\n(\r\n\t[id_historico] ASC\r\n)WITH (PAD_INDEX = OFF, STATISTICS_NORECOMPUTE = OFF, IGNORE_DUP_KEY = OFF, ALLOW_ROW_LOCKS = ON, ALLOW_PAGE_LOCKS = ON, OPTIMIZE_FOR_SEQUENTIAL_KEY = OFF) ON [PRIMARY]\r\n) ON [PRIMARY]\r\nGO\r\n"],"metadata":{"urn":"Server[@Name='Jeferson']/Database[@Name='AgilClinica']/Table[@Name='historico_senhas' and @Schema='dbo']","object_type":"Table"}},{"cell_type":"markdown","source":["# [dbo].[logs_auditoria]"],"metadata":{"urn":"Server[@Name='Jeferson']/Database[@Name='AgilClinica']/Table[@Name='logs_auditoria' and @Schema='dbo']","object_type":"Table"}},{"outputs":[],"execution_count":0,"cell_type":"code","source":["/****** Objeto:  Table [dbo].[logs_auditoria]    Data do Script: 23/05/2026 16:57:18 ******/\r\nSET ANSI_NULLS ON\r\n","GO\r\n","SET QUOTED_IDENTIFIER ON\r\n","GO\r\n","CREATE TABLE [dbo].[logs_auditoria](\r\n\t[id_log] [bigint] IDENTITY(1,1) NOT NULL,\r\n\t[data_hora] [datetime] NOT NULL,\r\n\t[id_usuario_operador] [int] NOT NULL,\r\n\t[caso_de_uso] [varchar](100) NOT NULL,\r\n\t[acao] [varchar](50) NOT NULL,\r\n\t[detalhes_json] [varchar](max) NOT NULL,\r\nPRIMARY KEY CLUSTERED \r\n(\r\n\t[id_log] ASC\r\n)WITH (PAD_INDEX = OFF, STATISTICS_NORECOMPUTE = OFF, IGNORE_DUP_KEY = OFF, ALLOW_ROW_LOCKS = ON, ALLOW_PAGE_LOCKS = ON, OPTIMIZE_FOR_SEQUENTIAL_KEY = OFF) ON [PRIMARY]\r\n) ON [PRIMARY] TEXTIMAGE_ON [PRIMARY]\r\nGO\r\n"],"metadata":{"urn":"Server[@Name='Jeferson']/Database[@Name='AgilClinica']/Table[@Name='logs_auditoria' and @Schema='dbo']","object_type":"Table"}},{"cell_type":"markdown","source":["# [dbo].[pacientes]"],"metadata":{"urn":"Server[@Name='Jeferson']/Database[@Name='AgilClinica']/Table[@Name='pacientes' and @Schema='dbo']","object_type":"Table"}},{"outputs":[],"execution_count":0,"cell_type":"code","source":["/****** Objeto:  Table [dbo].[pacientes]    Data do Script: 23/05/2026 16:57:18 ******/\r\nSET ANSI_NULLS ON\r\n","GO\r\n","SET QUOTED_IDENTIFIER ON\r\n","GO\r\n","CREATE TABLE [dbo].[pacientes](\r\n\t[id_paciente] [int] IDENTITY(1,1) NOT NULL,\r\n\t[cpf] [varchar](11) NOT NULL,\r\n\t[nome] [varchar](100) NOT NULL,\r\n\t[data_nascimento] [date] NOT NULL,\r\n\t[telefone] [varchar](15) NOT NULL,\r\nPRIMARY KEY CLUSTERED \r\n(\r\n\t[id_paciente] ASC\r\n)WITH (PAD_INDEX = OFF, STATISTICS_NORECOMPUTE = OFF, IGNORE_DUP_KEY = OFF, ALLOW_ROW_LOCKS = ON, ALLOW_PAGE_LOCKS = ON, OPTIMIZE_FOR_SEQUENTIAL_KEY = OFF) ON [PRIMARY]\r\n) ON [PRIMARY]\r\nGO\r\n"],"metadata":{"urn":"Server[@Name='Jeferson']/Database[@Name='AgilClinica']/Table[@Name='pacientes' and @Schema='dbo']","object_type":"Table"}},{"cell_type":"markdown","source":["# [dbo].[prontuarios_clinicos]"],"metadata":{"urn":"Server[@Name='Jeferson']/Database[@Name='AgilClinica']/Table[@Name='prontuarios_clinicos' and @Schema='dbo']","object_type":"Table"}},{"outputs":[],"execution_count":0,"cell_type":"code","source":["/****** Objeto:  Table [dbo].[prontuarios_clinicos]    Data do Script: 23/05/2026 16:57:18 ******/\r\nSET ANSI_NULLS ON\r\n","GO\r\n","SET QUOTED_IDENTIFIER ON\r\n","GO\r\n","CREATE TABLE [dbo].[prontuarios_clinicos](\r\n\t[id_prontuario] [int] IDENTITY(1,1) NOT NULL,\r\n\t[id_paciente] [int] NOT NULL,\r\n\t[dados_atendimento] [varchar](max) NOT NULL,\r\nPRIMARY KEY CLUSTERED \r\n(\r\n\t[id_prontuario] ASC\r\n)WITH (PAD_INDEX = OFF, STATISTICS_NORECOMPUTE = OFF, IGNORE_DUP_KEY = OFF, ALLOW_ROW_LOCKS = ON, ALLOW_PAGE_LOCKS = ON, OPTIMIZE_FOR_SEQUENTIAL_KEY = OFF) ON [PRIMARY]\r\n) ON [PRIMARY] TEXTIMAGE_ON [PRIMARY]\r\nGO\r\n"],"metadata":{"urn":"Server[@Name='Jeferson']/Database[@Name='AgilClinica']/Table[@Name='prontuarios_clinicos' and @Schema='dbo']","object_type":"Table"}},{"cell_type":"markdown","source":["# [dbo].[tokens_recuperacao]"],"metadata":{"urn":"Server[@Name='Jeferson']/Database[@Name='AgilClinica']/Table[@Name='tokens_recuperacao' and @Schema='dbo']","object_type":"Table"}},{"outputs":[],"execution_count":0,"cell_type":"code","source":["/****** Objeto:  Table [dbo].[tokens_recuperacao]    Data do Script: 23/05/2026 16:57:18 ******/\r\nSET ANSI_NULLS ON\r\n","GO\r\n","SET QUOTED_IDENTIFIER ON\r\n","GO\r\n","CREATE TABLE [dbo].[tokens_recuperacao](\r\n\t[id_token] [int] IDENTITY(1,1) NOT NULL,\r\n\t[id_usuario] [int] NOT NULL,\r\n\t[token] [varchar](100) NOT NULL,\r\n\t[data_expiracao] [datetime] NOT NULL,\r\n\t[utilizado] [bit] NOT NULL,\r\nPRIMARY KEY CLUSTERED \r\n(\r\n\t[id_token] ASC\r\n)WITH (PAD_INDEX = OFF, STATISTICS_NORECOMPUTE = OFF, IGNORE_DUP_KEY = OFF, ALLOW_ROW_LOCKS = ON, ALLOW_PAGE_LOCKS = ON, OPTIMIZE_FOR_SEQUENTIAL_KEY = OFF) ON [PRIMARY]\r\n) ON [PRIMARY]\r\nGO\r\n"],"metadata":{"urn":"Server[@Name='Jeferson']/Database[@Name='AgilClinica']/Table[@Name='tokens_recuperacao' and @Schema='dbo']","object_type":"Table"}},{"cell_type":"markdown","source":["# [dbo].[usuarios]"],"metadata":{"urn":"Server[@Name='Jeferson']/Database[@Name='AgilClinica']/Table[@Name='usuarios' and @Schema='dbo']","object_type":"Table"}},{"outputs":[],"execution_count":0,"cell_type":"code","source":["/****** Objeto:  Table [dbo].[usuarios]    Data do Script: 23/05/2026 16:57:18 ******/\r\nSET ANSI_NULLS ON\r\n","GO\r\n","SET QUOTED_IDENTIFIER ON\r\n","GO\r\n","CREATE TABLE [dbo].[usuarios](\r\n\t[id_usuario] [int] IDENTITY(1,1) NOT NULL,\r\n\t[nome] [varchar](100) NOT NULL,\r\n\t[email] [varchar](100) NOT NULL,\r\n\t[senha_hash] [varchar](255) NOT NULL,\r\n\t[tipo_usuario] [varchar](20) NOT NULL,\r\n\t[registro_profissional] [varchar](20) NULL,\r\n\t[status] [char](1) NOT NULL,\r\nPRIMARY KEY CLUSTERED \r\n(\r\n\t[id_usuario] ASC\r\n)WITH (PAD_INDEX = OFF, STATISTICS_NORECOMPUTE = OFF, IGNORE_DUP_KEY = OFF, ALLOW_ROW_LOCKS = ON, ALLOW_PAGE_LOCKS = ON, OPTIMIZE_FOR_SEQUENTIAL_KEY = OFF) ON [PRIMARY]\r\n) ON [PRIMARY]\r\nGO\r\n"],"metadata":{"urn":"Server[@Name='Jeferson']/Database[@Name='AgilClinica']/Table[@Name='usuarios' and @Schema='dbo']","object_type":"Table"}},{"cell_type":"markdown","source":["# [dbo].[historico_senhas]"],"metadata":{"urn":"Server[@Name='Jeferson']/Database[@Name='AgilClinica']/Table[@Name='historico_senhas' and @Schema='dbo']","object_type":"Table"}},{"outputs":[],"execution_count":0,"cell_type":"code","source":["SET IDENTITY_INSERT [dbo].[historico_senhas] ON \r\n","INSERT [dbo].[historico_senhas] ([id_historico], [id_usuario], [senha_hash], [data_criacao]) VALUES (1, 16, N'8843d7f92416211de9ebb963ff4ce28125932878213821238127391823719231', CAST(N'2026-01-10T08:00:00.000' AS DateTime))\r\n","INSERT [dbo].[historico_senhas] ([id_historico], [id_usuario], [senha_hash], [data_criacao]) VALUES (2, 16, N'4b227777d4dd1fc61c5f884f8a30d38dcf414e21a42211f4227f122718712711', CAST(N'2026-03-15T09:30:00.000' AS DateTime))\r\n","INSERT [dbo].[historico_senhas] ([id_historico], [id_usuario], [senha_hash], [data_criacao]) VALUES (3, 17, N'8d969eef6ecad3c29a3a629280e686cf0c3f5d5a86aff3ca12020c923adc6c92', CAST(N'2026-02-20T14:00:00.000' AS DateTime))\r\n","INSERT [dbo].[historico_senhas] ([id_historico], [id_usuario], [senha_hash], [data_criacao]) VALUES (4, 16, N'8843d7f92416211de9ebb963ff4ce28125932878213821238127391823719231', CAST(N'2026-01-10T08:00:00.000' AS DateTime))\r\n","INSERT [dbo].[historico_senhas] ([id_historico], [id_usuario], [senha_hash], [data_criacao]) VALUES (5, 16, N'4b227777d4dd1fc61c5f884f8a30d38dcf414e21a42211f4227f122718712711', CAST(N'2026-03-15T09:30:00.000' AS DateTime))\r\n","INSERT [dbo].[historico_senhas] ([id_historico], [id_usuario], [senha_hash], [data_criacao]) VALUES (6, 17, N'8d969eef6ecad3c29a3a629280e686cf0c3f5d5a86aff3ca12020c923adc6c92', CAST(N'2026-02-20T14:00:00.000' AS DateTime))\r\n","SET IDENTITY_INSERT [dbo].[historico_senhas] OFF\r\n","GO\r\n"],"metadata":{"urn":"Server[@Name='Jeferson']/Database[@Name='AgilClinica']/Table[@Name='historico_senhas' and @Schema='dbo']","object_type":"Table"}},{"cell_type":"markdown","source":["# [dbo].[logs_auditoria]"],"metadata":{"urn":"Server[@Name='Jeferson']/Database[@Name='AgilClinica']/Table[@Name='logs_auditoria' and @Schema='dbo']","object_type":"Table"}},{"outputs":[],"execution_count":0,"cell_type":"code","source":["SET IDENTITY_INSERT [dbo].[logs_auditoria] ON \r\n","INSERT [dbo].[logs_auditoria] ([id_log], [data_hora], [id_usuario_operador], [caso_de_uso], [acao], [detalhes_json]) VALUES (1, CAST(N'2026-05-23T16:46:41.090' AS DateTime), 19, N'UC01 - Realizar Login', N'LOGIN', N'{\"ip_origem\": \"192.168.1.50\", \"sucesso\": true}')\r\n","INSERT [dbo].[logs_auditoria] ([id_log], [data_hora], [id_usuario_operador], [caso_de_uso], [acao], [detalhes_json]) VALUES (2, CAST(N'2026-05-23T16:46:41.090' AS DateTime), 19, N'UC11 - Gerenciar Fila', N'ESCRITA', N'{\"id_paciente_inserido\": 3, \"classificacao\": \"EMERGENCIA\"}')\r\n","INSERT [dbo].[logs_auditoria] ([id_log], [data_hora], [id_usuario_operador], [caso_de_uso], [acao], [detalhes_json]) VALUES (3, CAST(N'2026-05-23T16:46:48.227' AS DateTime), 19, N'UC01 - Realizar Login', N'LOGIN', N'{\"ip_origem\": \"192.168.1.50\", \"sucesso\": true}')\r\n","INSERT [dbo].[logs_auditoria] ([id_log], [data_hora], [id_usuario_operador], [caso_de_uso], [acao], [detalhes_json]) VALUES (4, CAST(N'2026-05-23T16:46:48.227' AS DateTime), 19, N'UC11 - Gerenciar Fila', N'ESCRITA', N'{\"id_paciente_inserido\": 3, \"classificacao\": \"EMERGENCIA\"}')\r\n","SET IDENTITY_INSERT [dbo].[logs_auditoria] OFF\r\n","GO\r\n"],"metadata":{"urn":"Server[@Name='Jeferson']/Database[@Name='AgilClinica']/Table[@Name='logs_auditoria' and @Schema='dbo']","object_type":"Table"}},{"cell_type":"markdown","source":["# [dbo].[pacientes]"],"metadata":{"urn":"Server[@Name='Jeferson']/Database[@Name='AgilClinica']/Table[@Name='pacientes' and @Schema='dbo']","object_type":"Table"}},{"outputs":[],"execution_count":0,"cell_type":"code","source":["SET IDENTITY_INSERT [dbo].[pacientes] ON \r\n","INSERT [dbo].[pacientes] ([id_paciente], [cpf], [nome], [data_nascimento], [telefone]) VALUES (13, N'11122233344', N'Matheus Coutinho de Souza', CAST(N'1995-04-12' AS Date), N'62999998888')\r\n","INSERT [dbo].[pacientes] ([id_paciente], [cpf], [nome], [data_nascimento], [telefone]) VALUES (14, N'55566677788', N'Jeferson Cruz Almeida', CAST(N'1960-08-20' AS Date), N'62988887777')\r\n","INSERT [dbo].[pacientes] ([id_paciente], [cpf], [nome], [data_nascimento], [telefone]) VALUES (15, N'99988877766', N'Ana Beatriz Fonseca', CAST(N'2002-11-03' AS Date), N'62977776666')\r\n","INSERT [dbo].[pacientes] ([id_paciente], [cpf], [nome], [data_nascimento], [telefone]) VALUES (16, N'44433322211', N'Pedro Henrique Alves', CAST(N'2015-01-30' AS Date), N'62966665555')\r\n","INSERT [dbo].[pacientes] ([id_paciente], [cpf], [nome], [data_nascimento], [telefone]) VALUES (17, N'11122233344', N'Matheus Coutinho de Souza', CAST(N'1995-04-12' AS Date), N'62999998888')\r\n","INSERT [dbo].[pacientes] ([id_paciente], [cpf], [nome], [data_nascimento], [telefone]) VALUES (18, N'55566677788', N'Jeferson Cruz Almeida', CAST(N'1960-08-20' AS Date), N'62988887777')\r\n","INSERT [dbo].[pacientes] ([id_paciente], [cpf], [nome], [data_nascimento], [telefone]) VALUES (19, N'99988877766', N'Ana Beatriz Fonseca', CAST(N'2002-11-03' AS Date), N'62977776666')\r\n","INSERT [dbo].[pacientes] ([id_paciente], [cpf], [nome], [data_nascimento], [telefone]) VALUES (20, N'44433322211', N'Pedro Henrique Alves', CAST(N'2015-01-30' AS Date), N'62966665555')\r\n","SET IDENTITY_INSERT [dbo].[pacientes] OFF\r\n","GO\r\n"],"metadata":{"urn":"Server[@Name='Jeferson']/Database[@Name='AgilClinica']/Table[@Name='pacientes' and @Schema='dbo']","object_type":"Table"}},{"cell_type":"markdown","source":["# [dbo].[prontuarios_clinicos]"],"metadata":{"urn":"Server[@Name='Jeferson']/Database[@Name='AgilClinica']/Table[@Name='prontuarios_clinicos' and @Schema='dbo']","object_type":"Table"}},{"outputs":[],"execution_count":0,"cell_type":"code","source":["SET IDENTITY_INSERT [dbo].[prontuarios_clinicos] ON \r\n","INSERT [dbo].[prontuarios_clinicos] ([id_prontuario], [id_paciente], [dados_atendimento]) VALUES (1, 13, N'{\"crm_medico\": \"CRM-GO12345\", \"data_hora_atendimento\": \"2026-05-23T14:25:00Z\", \"queixa_principal\": \"Paciente reclama de dores na lombar.\", \"sinais_vitais\": {\"pressao_arterial\": \"120/80\"}, \"diagnostico\": \"Contratura muscular.\"}')\r\n","INSERT [dbo].[prontuarios_clinicos] ([id_prontuario], [id_paciente], [dados_atendimento]) VALUES (2, 14, N'{\"crm_medico\": \"CRM-GO67890\", \"data_hora_atendimento\": \"2026-05-23T14:35:00Z\", \"queixa_principal\": \"Paciente idoso apresenta picos de hipertensao.\", \"sinais_vitais\": {\"pressao_arterial\": \"160/100\"}, \"diagnostico\": \"Hipertensao arterial.\"}')\r\n","INSERT [dbo].[prontuarios_clinicos] ([id_prontuario], [id_paciente], [dados_atendimento]) VALUES (3, 13, N'{\"crm_medico\": \"CRM-GO12345\", \"data_hora_atendimento\": \"2026-05-23T14:25:00Z\", \"queixa_principal\": \"Paciente reclama de dores na lombar.\", \"sinais_vitais\": {\"pressao_arterial\": \"120/80\"}, \"diagnostico\": \"Contratura muscular.\"}')\r\n","INSERT [dbo].[prontuarios_clinicos] ([id_prontuario], [id_paciente], [dados_atendimento]) VALUES (4, 14, N'{\"crm_medico\": \"CRM-GO67890\", \"data_hora_atendimento\": \"2026-05-23T14:35:00Z\", \"queixa_principal\": \"Paciente idoso apresenta picos de hipertensao.\", \"sinais_vitais\": {\"pressao_arterial\": \"160/100\"}, \"diagnostico\": \"Hipertensao arterial.\"}')\r\n","SET IDENTITY_INSERT [dbo].[prontuarios_clinicos] OFF\r\n","GO\r\n"],"metadata":{"urn":"Server[@Name='Jeferson']/Database[@Name='AgilClinica']/Table[@Name='prontuarios_clinicos' and @Schema='dbo']","object_type":"Table"}},{"cell_type":"markdown","source":["# [dbo].[tokens_recuperacao]"],"metadata":{"urn":"Server[@Name='Jeferson']/Database[@Name='AgilClinica']/Table[@Name='tokens_recuperacao' and @Schema='dbo']","object_type":"Table"}},{"outputs":[],"execution_count":0,"cell_type":"code","source":["SET IDENTITY_INSERT [dbo].[tokens_recuperacao] ON \r\n","INSERT [dbo].[tokens_recuperacao] ([id_token], [id_usuario], [token], [data_expiracao], [utilizado]) VALUES (4, 16, N'tok_abc123456789_expirado_e_usado', CAST(N'2026-05-20T10:00:00.000' AS DateTime), 1)\r\n","INSERT [dbo].[tokens_recuperacao] ([id_token], [id_usuario], [token], [data_expiracao], [utilizado]) VALUES (5, 17, N'tok_xyz987654321_valido_ativo', CAST(N'2026-05-25T18:00:00.000' AS DateTime), 0)\r\n","SET IDENTITY_INSERT [dbo].[tokens_recuperacao] OFF\r\n","GO\r\n"],"metadata":{"urn":"Server[@Name='Jeferson']/Database[@Name='AgilClinica']/Table[@Name='tokens_recuperacao' and @Schema='dbo']","object_type":"Table"}},{"cell_type":"markdown","source":["# [dbo].[usuarios]"],"metadata":{"urn":"Server[@Name='Jeferson']/Database[@Name='AgilClinica']/Table[@Name='usuarios' and @Schema='dbo']","object_type":"Table"}},{"outputs":[],"execution_count":0,"cell_type":"code","source":["SET IDENTITY_INSERT [dbo].[usuarios] ON \r\n","INSERT [dbo].[usuarios] ([id_usuario], [nome], [email], [senha_hash], [tipo_usuario], [registro_profissional], [status]) VALUES (16, N'Dra. Amanda Rodrigues', N'amanda.medica@agilclinica.com', N'e3b0c44298fc1c149afbf4c8996fb92427ae41e4649b934ca495991b7852b855', N'MEDICO', N'CRM-GO12345', N'A')\r\n","INSERT [dbo].[usuarios] ([id_usuario], [nome], [email], [senha_hash], [tipo_usuario], [registro_profissional], [status]) VALUES (17, N'Dr. Bruno Carvalho', N'bruno.medico@agilclinica.com', N'2c26b46b68ffc68ff99b453c1d30413413422d706483bfa0f98a5e886266e7ae', N'MEDICO', N'CRM-GO67890', N'A')\r\n","INSERT [dbo].[usuarios] ([id_usuario], [nome], [email], [senha_hash], [tipo_usuario], [registro_profissional], [status]) VALUES (18, N'Carlos Eduardo (Admin)', N'carlos.admin@agilclinica.com', N'8d969eef6ecad3c29a3a629280e686cf0c3f5d5a86aff3ca12020c923adc6c92', N'ADMIN', NULL, N'A')\r\n","INSERT [dbo].[usuarios] ([id_usuario], [nome], [email], [senha_hash], [tipo_usuario], [registro_profissional], [status]) VALUES (19, N'Mariana Silva (Recepção)', N'mariana.recepcao@agilclinica.com', N'4b227777d4dd1fc61c5f884f8a30d38dcf414e21a42211f4227f122718712711', N'RECEPCAO', NULL, N'A')\r\n","INSERT [dbo].[usuarios] ([id_usuario], [nome], [email], [senha_hash], [tipo_usuario], [registro_profissional], [status]) VALUES (20, N'Enf. Roberta Lima', N'roberta.enfermagem@agilclinica.com', N'ef797c8118f02dfb649607dd5d3f8c7623048c9c063d532cc95c5ed7a898a64f', N'ENFERMEIRO', N'COREN-GO999', N'A')\r\n","INSERT [dbo].[usuarios] ([id_usuario], [nome], [email], [senha_hash], [tipo_usuario], [registro_profissional], [status]) VALUES (21, N'Ex-Funcionário Bloqueado', N'antigo.colaborador@agilclinica.com', N'8843d7f92416211de9ebb963ff4ce28125932878213821238127391823719231', N'RECEPCAO', NULL, N'I')\r\n","INSERT [dbo].[usuarios] ([id_usuario], [nome], [email], [senha_hash], [tipo_usuario], [registro_profissional], [status]) VALUES (22, N'Dra. Amanda Rodrigues', N'amanda.medica@agilclinica.com', N'e3b0c44298fc1c149afbf4c8996fb92427ae41e4649b934ca495991b7852b855', N'MEDICO', N'CRM-GO12345', N'A')\r\n","INSERT [dbo].[usuarios] ([id_usuario], [nome], [email], [senha_hash], [tipo_usuario], [registro_profissional], [status]) VALUES (23, N'Dr. Bruno Carvalho', N'bruno.medico@agilclinica.com', N'2c26b46b68ffc68ff99b453c1d30413413422d706483bfa0f98a5e886266e7ae', N'MEDICO', N'CRM-GO67890', N'A')\r\n","INSERT [dbo].[usuarios] ([id_usuario], [nome], [email], [senha_hash], [tipo_usuario], [registro_profissional], [status]) VALUES (24, N'Carlos Eduardo (Admin)', N'carlos.admin@agilclinica.com', N'8d969eef6ecad3c29a3a629280e686cf0c3f5d5a86aff3ca12020c923adc6c92', N'ADMIN', NULL, N'A')\r\n","INSERT [dbo].[usuarios] ([id_usuario], [nome], [email], [senha_hash], [tipo_usuario], [registro_profissional], [status]) VALUES (25, N'Mariana Silva (Recepção)', N'mariana.recepcao@agilclinica.com', N'4b227777d4dd1fc61c5f884f8a30d38dcf414e21a42211f4227f122718712711', N'RECEPCAO', NULL, N'A')\r\n","INSERT [dbo].[usuarios] ([id_usuario], [nome], [email], [senha_hash], [tipo_usuario], [registro_profissional], [status]) VALUES (26, N'Enf. Roberta Lima', N'roberta.enfermagem@agilclinica.com', N'ef797c8118f02dfb649607dd5d3f8c7623048c9c063d532cc95c5ed7a898a64f', N'ENFERMEIRO', N'COREN-GO999', N'A')\r\n","INSERT [dbo].[usuarios] ([id_usuario], [nome], [email], [senha_hash], [tipo_usuario], [registro_profissional], [status]) VALUES (27, N'Ex-Funcionário Bloqueado', N'antigo.colaborador@agilclinica.com', N'8843d7f92416211de9ebb963ff4ce28125932878213821238127391823719231', N'RECEPCAO', NULL, N'I')\r\n","SET IDENTITY_INSERT [dbo].[usuarios] OFF\r\n","GO\r\n"],"metadata":{"urn":"Server[@Name='Jeferson']/Database[@Name='AgilClinica']/Table[@Name='usuarios' and @Schema='dbo']","object_type":"Table"}},{"cell_type":"markdown","source":["# [UQ__tokens_r__CA90DA7A45ADBE3C]"],"metadata":{"urn":"Server[@Name='Jeferson']/Database[@Name='AgilClinica']/Table[@Name='tokens_recuperacao' and @Schema='dbo']/Index[@Name='UQ__tokens_r__CA90DA7A45ADBE3C']","object_type":"Index"}},{"outputs":[],"execution_count":0,"cell_type":"code","source":["SET ANSI_PADDING ON\r\nGO\r\n","/****** Objeto:  Index [UQ__tokens_r__CA90DA7A45ADBE3C]    Data do Script: 23/05/2026 16:57:18 ******/\r\nALTER TABLE [dbo].[tokens_recuperacao] ADD UNIQUE NONCLUSTERED \r\n(\r\n\t[token] ASC\r\n)WITH (PAD_INDEX = OFF, STATISTICS_NORECOMPUTE = OFF, SORT_IN_TEMPDB = OFF, IGNORE_DUP_KEY = OFF, ONLINE = OFF, ALLOW_ROW_LOCKS = ON, ALLOW_PAGE_LOCKS = ON, OPTIMIZE_FOR_SEQUENTIAL_KEY = OFF) ON [PRIMARY]\r\n","GO\r\n"],"metadata":{"urn":"Server[@Name='Jeferson']/Database[@Name='AgilClinica']/Table[@Name='tokens_recuperacao' and @Schema='dbo']/Index[@Name='UQ__tokens_r__CA90DA7A45ADBE3C']","object_type":"Index"}},{"cell_type":"markdown","source":["# [DF__agendamen__data___5EBF139D]"],"metadata":{"urn":"Server[@Name='Jeferson']/Database[@Name='AgilClinica']/Table[@Name='agendamentos_filas' and @Schema='dbo']/Column[@Name='data_hora_chegada']/Default[@Name='DF__agendamen__data___5EBF139D']","object_type":"Default"}},{"outputs":[],"execution_count":0,"cell_type":"code","source":["ALTER TABLE [dbo].[agendamentos_filas] ADD  DEFAULT (getdate()) FOR [data_hora_chegada]\r\n","GO\r\n"],"metadata":{"urn":"Server[@Name='Jeferson']/Database[@Name='AgilClinica']/Table[@Name='agendamentos_filas' and @Schema='dbo']/Column[@Name='data_hora_chegada']/Default[@Name='DF__agendamen__data___5EBF139D']","object_type":"Default"}},{"cell_type":"markdown","source":["# [DF__agendamen__statu__5FB337D6]"],"metadata":{"urn":"Server[@Name='Jeferson']/Database[@Name='AgilClinica']/Table[@Name='agendamentos_filas' and @Schema='dbo']/Column[@Name='status_atendimento']/Default[@Name='DF__agendamen__statu__5FB337D6']","object_type":"Default"}},{"outputs":[],"execution_count":0,"cell_type":"code","source":["ALTER TABLE [dbo].[agendamentos_filas] ADD  DEFAULT ('AGUARDANDO') FOR [status_atendimento]\r\n","GO\r\n"],"metadata":{"urn":"Server[@Name='Jeferson']/Database[@Name='AgilClinica']/Table[@Name='agendamentos_filas' and @Schema='dbo']/Column[@Name='status_atendimento']/Default[@Name='DF__agendamen__statu__5FB337D6']","object_type":"Default"}},{"cell_type":"markdown","source":["# [DF__historico__data___4F7CD00D]"],"metadata":{"urn":"Server[@Name='Jeferson']/Database[@Name='AgilClinica']/Table[@Name='historico_senhas' and @Schema='dbo']/Column[@Name='data_criacao']/Default[@Name='DF__historico__data___4F7CD00D']","object_type":"Default"}},{"outputs":[],"execution_count":0,"cell_type":"code","source":["ALTER TABLE [dbo].[historico_senhas] ADD  DEFAULT (getdate()) FOR [data_criacao]\r\n","GO\r\n"],"metadata":{"urn":"Server[@Name='Jeferson']/Database[@Name='AgilClinica']/Table[@Name='historico_senhas' and @Schema='dbo']/Column[@Name='data_criacao']/Default[@Name='DF__historico__data___4F7CD00D']","object_type":"Default"}},{"cell_type":"markdown","source":["# [DF__logs_audi__data___693CA210]"],"metadata":{"urn":"Server[@Name='Jeferson']/Database[@Name='AgilClinica']/Table[@Name='logs_auditoria' and @Schema='dbo']/Column[@Name='data_hora']/Default[@Name='DF__logs_audi__data___693CA210']","object_type":"Default"}},{"outputs":[],"execution_count":0,"cell_type":"code","source":["ALTER TABLE [dbo].[logs_auditoria] ADD  DEFAULT (getdate()) FOR [data_hora]\r\n","GO\r\n"],"metadata":{"urn":"Server[@Name='Jeferson']/Database[@Name='AgilClinica']/Table[@Name='logs_auditoria' and @Schema='dbo']/Column[@Name='data_hora']/Default[@Name='DF__logs_audi__data___693CA210']","object_type":"Default"}},{"cell_type":"markdown","source":["# [DF__tokens_re__utili__5441852A]"],"metadata":{"urn":"Server[@Name='Jeferson']/Database[@Name='AgilClinica']/Table[@Name='tokens_recuperacao' and @Schema='dbo']/Column[@Name='utilizado']/Default[@Name='DF__tokens_re__utili__5441852A']","object_type":"Default"}},{"outputs":[],"execution_count":0,"cell_type":"code","source":["ALTER TABLE [dbo].[tokens_recuperacao] ADD  DEFAULT ((0)) FOR [utilizado]\r\n","GO\r\n"],"metadata":{"urn":"Server[@Name='Jeferson']/Database[@Name='AgilClinica']/Table[@Name='tokens_recuperacao' and @Schema='dbo']/Column[@Name='utilizado']/Default[@Name='DF__tokens_re__utili__5441852A']","object_type":"Default"}},{"cell_type":"markdown","source":["# [DF__usuarios__status__4AB81AF0]"],"metadata":{"urn":"Server[@Name='Jeferson']/Database[@Name='AgilClinica']/Table[@Name='usuarios' and @Schema='dbo']/Column[@Name='status']/Default[@Name='DF__usuarios__status__4AB81AF0']","object_type":"Default"}},{"outputs":[],"execution_count":0,"cell_type":"code","source":["ALTER TABLE [dbo].[usuarios] ADD  DEFAULT ('A') FOR [status]\r\n","GO\r\n"],"metadata":{"urn":"Server[@Name='Jeferson']/Database[@Name='AgilClinica']/Table[@Name='usuarios' and @Schema='dbo']/Column[@Name='status']/Default[@Name='DF__usuarios__status__4AB81AF0']","object_type":"Default"}},{"cell_type":"markdown","source":["# [FK_agendamentos_paciente]"],"metadata":{"urn":"Server[@Name='Jeferson']/Database[@Name='AgilClinica']/Table[@Name='agendamentos_filas' and @Schema='dbo']/ForeignKey[@Name='FK_agendamentos_paciente']","object_type":"ForeignKey"}},{"outputs":[],"execution_count":0,"cell_type":"code","source":["ALTER TABLE [dbo].[agendamentos_filas]  WITH CHECK ADD  CONSTRAINT [FK_agendamentos_paciente] FOREIGN KEY([id_paciente])\r\nREFERENCES [dbo].[pacientes] ([id_paciente])\r\n","GO\r\n","ALTER TABLE [dbo].[agendamentos_filas] CHECK CONSTRAINT [FK_agendamentos_paciente]\r\n","GO\r\n"],"metadata":{"urn":"Server[@Name='Jeferson']/Database[@Name='AgilClinica']/Table[@Name='agendamentos_filas' and @Schema='dbo']/ForeignKey[@Name='FK_agendamentos_paciente']","object_type":"ForeignKey"}},{"cell_type":"markdown","source":["# [FK_historico_usuarios]"],"metadata":{"urn":"Server[@Name='Jeferson']/Database[@Name='AgilClinica']/Table[@Name='historico_senhas' and @Schema='dbo']/ForeignKey[@Name='FK_historico_usuarios']","object_type":"ForeignKey"}},{"outputs":[],"execution_count":0,"cell_type":"code","source":["ALTER TABLE [dbo].[historico_senhas]  WITH NOCHECK ADD  CONSTRAINT [FK_historico_usuarios] FOREIGN KEY([id_usuario])\r\nREFERENCES [dbo].[usuarios] ([id_usuario])\r\n","GO\r\n","ALTER TABLE [dbo].[historico_senhas] CHECK CONSTRAINT [FK_historico_usuarios]\r\n","GO\r\n"],"metadata":{"urn":"Server[@Name='Jeferson']/Database[@Name='AgilClinica']/Table[@Name='historico_senhas' and @Schema='dbo']/ForeignKey[@Name='FK_historico_usuarios']","object_type":"ForeignKey"}},{"cell_type":"markdown","source":["# [FK_prontuarios_pacientes]"],"metadata":{"urn":"Server[@Name='Jeferson']/Database[@Name='AgilClinica']/Table[@Name='prontuarios_clinicos' and @Schema='dbo']/ForeignKey[@Name='FK_prontuarios_pacientes']","object_type":"ForeignKey"}},{"outputs":[],"execution_count":0,"cell_type":"code","source":["ALTER TABLE [dbo].[prontuarios_clinicos]  WITH NOCHECK ADD  CONSTRAINT [FK_prontuarios_pacientes] FOREIGN KEY([id_paciente])\r\nREFERENCES [dbo].[pacientes] ([id_paciente])\r\n","GO\r\n","ALTER TABLE [dbo].[prontuarios_clinicos] CHECK CONSTRAINT [FK_prontuarios_pacientes]\r\n","GO\r\n"],"metadata":{"urn":"Server[@Name='Jeferson']/Database[@Name='AgilClinica']/Table[@Name='prontuarios_clinicos' and @Schema='dbo']/ForeignKey[@Name='FK_prontuarios_pacientes']","object_type":"ForeignKey"}},{"cell_type":"markdown","source":["# [FK_tokens_usuario]"],"metadata":{"urn":"Server[@Name='Jeferson']/Database[@Name='AgilClinica']/Table[@Name='tokens_recuperacao' and @Schema='dbo']/ForeignKey[@Name='FK_tokens_usuario']","object_type":"ForeignKey"}},{"outputs":[],"execution_count":0,"cell_type":"code","source":["ALTER TABLE [dbo].[tokens_recuperacao]  WITH NOCHECK ADD  CONSTRAINT [FK_tokens_usuario] FOREIGN KEY([id_usuario])\r\nREFERENCES [dbo].[usuarios] ([id_usuario])\r\n","GO\r\n","ALTER TABLE [dbo].[tokens_recuperacao] CHECK CONSTRAINT [FK_tokens_usuario]\r\n","GO\r\n"],"metadata":{"urn":"Server[@Name='Jeferson']/Database[@Name='AgilClinica']/Table[@Name='tokens_recuperacao' and @Schema='dbo']/ForeignKey[@Name='FK_tokens_usuario']","object_type":"ForeignKey"}},{"cell_type":"markdown","source":["# [CK_classificacao_risco]"],"metadata":{"urn":"Server[@Name='Jeferson']/Database[@Name='AgilClinica']/Table[@Name='agendamentos_filas' and @Schema='dbo']/Check[@Name='CK_classificacao_risco']","object_type":"Check"}},{"outputs":[],"execution_count":0,"cell_type":"code","source":["ALTER TABLE [dbo].[agendamentos_filas]  WITH CHECK ADD  CONSTRAINT [CK_classificacao_risco] CHECK  (([classificacao_risco]='NAO_URGENTE' OR [classificacao_risco]='POUCO URGENTE' OR [classificacao_risco]='EMERGENCIA'))\r\n","GO\r\n","ALTER TABLE [dbo].[agendamentos_filas] CHECK CONSTRAINT [CK_classificacao_risco]\r\n","GO\r\n"],"metadata":{"urn":"Server[@Name='Jeferson']/Database[@Name='AgilClinica']/Table[@Name='agendamentos_filas' and @Schema='dbo']/Check[@Name='CK_classificacao_risco']","object_type":"Check"}},{"cell_type":"markdown","source":["# [CK_status_atendimento]"],"metadata":{"urn":"Server[@Name='Jeferson']/Database[@Name='AgilClinica']/Table[@Name='agendamentos_filas' and @Schema='dbo']/Check[@Name='CK_status_atendimento']","object_type":"Check"}},{"outputs":[],"execution_count":0,"cell_type":"code","source":["ALTER TABLE [dbo].[agendamentos_filas]  WITH CHECK ADD  CONSTRAINT [CK_status_atendimento] CHECK  (([status_atendimento]='CONCLUÍDO' OR [status_atendimento]='EM_ATENDIMENTO' OR [status_atendimento]='AGUARDANDO'))\r\n","GO\r\n","ALTER TABLE [dbo].[agendamentos_filas] CHECK CONSTRAINT [CK_status_atendimento]\r\n","GO\r\n"],"metadata":{"urn":"Server[@Name='Jeferson']/Database[@Name='AgilClinica']/Table[@Name='agendamentos_filas' and @Schema='dbo']/Check[@Name='CK_status_atendimento']","object_type":"Check"}},{"cell_type":"markdown","source":["# [CK_logs_detalhes_json]"],"metadata":{"urn":"Server[@Name='Jeferson']/Database[@Name='AgilClinica']/Table[@Name='logs_auditoria' and @Schema='dbo']/Check[@Name='CK_logs_detalhes_json']","object_type":"Check"}},{"outputs":[],"execution_count":0,"cell_type":"code","source":["ALTER TABLE [dbo].[logs_auditoria]  WITH NOCHECK ADD  CONSTRAINT [CK_logs_detalhes_json] CHECK  ((isjson([detalhes_json])>(0)))\r\n","GO\r\n","ALTER TABLE [dbo].[logs_auditoria] CHECK CONSTRAINT [CK_logs_detalhes_json]\r\n","GO\r\n"],"metadata":{"urn":"Server[@Name='Jeferson']/Database[@Name='AgilClinica']/Table[@Name='logs_auditoria' and @Schema='dbo']/Check[@Name='CK_logs_detalhes_json']","object_type":"Check"}},{"cell_type":"markdown","source":["# [CK_prontuario_dados_json]"],"metadata":{"urn":"Server[@Name='Jeferson']/Database[@Name='AgilClinica']/Table[@Name='prontuarios_clinicos' and @Schema='dbo']/Check[@Name='CK_prontuario_dados_json']","object_type":"Check"}},{"outputs":[],"execution_count":0,"cell_type":"code","source":["ALTER TABLE [dbo].[prontuarios_clinicos]  WITH NOCHECK ADD  CONSTRAINT [CK_prontuario_dados_json] CHECK  ((isjson([dados_atendimento])>(0)))\r\n","GO\r\n","ALTER TABLE [dbo].[prontuarios_clinicos] CHECK CONSTRAINT [CK_prontuario_dados_json]\r\n","GO\r\n"],"metadata":{"urn":"Server[@Name='Jeferson']/Database[@Name='AgilClinica']/Table[@Name='prontuarios_clinicos' and @Schema='dbo']/Check[@Name='CK_prontuario_dados_json']","object_type":"Check"}},{"cell_type":"markdown","source":["# [CK_status_usuario]"],"metadata":{"urn":"Server[@Name='Jeferson']/Database[@Name='AgilClinica']/Table[@Name='usuarios' and @Schema='dbo']/Check[@Name='CK_status_usuario']","object_type":"Check"}},{"outputs":[],"execution_count":0,"cell_type":"code","source":["ALTER TABLE [dbo].[usuarios]  WITH CHECK ADD  CONSTRAINT [CK_status_usuario] CHECK  (([status]='I' OR [status]='A'))\r\n","GO\r\n","ALTER TABLE [dbo].[usuarios] CHECK CONSTRAINT [CK_status_usuario]\r\n","GO\r\n"],"metadata":{"urn":"Server[@Name='Jeferson']/Database[@Name='AgilClinica']/Table[@Name='usuarios' and @Schema='dbo']/Check[@Name='CK_status_usuario']","object_type":"Check"}},{"cell_type":"markdown","source":["# [CK_tipo_usuario]"],"metadata":{"urn":"Server[@Name='Jeferson']/Database[@Name='AgilClinica']/Table[@Name='usuarios' and @Schema='dbo']/Check[@Name='CK_tipo_usuario']","object_type":"Check"}},{"outputs":[],"execution_count":0,"cell_type":"code","source":["ALTER TABLE [dbo].[usuarios]  WITH CHECK ADD  CONSTRAINT [CK_tipo_usuario] CHECK  (([tipo_usuario]='ENFERMEIRO' OR [tipo_usuario]='RECEPCAO' OR [tipo_usuario]='MEDICO' OR [tipo_usuario]='ADMIN'))\r\n","GO\r\n","ALTER TABLE [dbo].[usuarios] CHECK CONSTRAINT [CK_tipo_usuario]\r\n","GO\r\n"],"metadata":{"urn":"Server[@Name='Jeferson']/Database[@Name='AgilClinica']/Table[@Name='usuarios' and @Schema='dbo']/Check[@Name='CK_tipo_usuario']","object_type":"Check"}}]}